존타입,존ID,존이름,레벨범위,몬스터NPC_ID,몬스터이름,몬스터레벨,몬스터HP,드롭아이템ID,드롭아이템이름,아이템종류,아이템분류,스탯,클래스,특수효과,드롭확률,드롭확률(%),최소수량,최대수량
필드,map_68,말하는 섬,1~60,45005,개구리,1,1,,(드롭 없음),,,,,,,,,
필드,map_68,말하는 섬,1~60,45010,토끼,2,7,,(드롭 없음),,,,,,,,,
필드,map_68,말하는 섬,1~60,45012,토끼,2,7,,(드롭 없음),,,,,,,,,
필드,map_68,말하는 섬,1~60,45021,사슴,3,25,,(드롭 없음),,,,,,,,,
필드,map_68,말하는 섬,1~60,45022,사슴,3,25,,(드롭 없음),,,,,,,,,
필드,map_68,말하는 섬,1~60,45039,고양이,5,20,,(드롭 없음),,,,,,,,,
필드,map_68,말하는 섬,1~60,45040,곰,5,50,__GOLD__,아데나(골드),재화,골드,,KEW,,1,100%,13,36
필드,map_68,말하는 섬,1~60,45046,비글,5,20,,(드롭 없음),,,,,,,,,
필드,map_68,말하는 섬,1~60,45047,세인트 버나드,5,30,,(드롭 없음),,,,,,,,,
필드,map_68,말하는 섬,1~60,45048,여우,5,15,,(드롭 없음),,,,,,,,,
필드,map_68,말하는 섬,1~60,45049,열혈 토끼,5,20,,(드롭 없음),,,,,,,,,
필드,map_68,말하는 섬,1~60,45053,허스키,5,50,,(드롭 없음),,,,,,,,,
필드,map_68,말하는 섬,1~60,45025,그렘린,4,50,,(드롭 없음),,,,,,,,,
필드,map_68,말하는 섬,1~60,45033,임프,5,20,__GOLD__,아데나(골드),재화,골드,,KEW,,1,100%,13,36
필드,map_68,말하는 섬,1~60,45008,고블린,2,3,__GOLD__,아데나(골드),재화,골드,,KEW,,1,100%,10,30
필드,map_68,말하는 섬,1~60,45009,오크,2,6,transform_scroll,변신주문서,소비,주문서,,KEW,,0.001,0.1%,1,1
필드,map_68,말하는 섬,1~60,45009,오크,2,6,__GOLD__,아데나(골드),재화,골드,,KEW,,1,100%,10,30
필드,map_68,말하는 섬,1~60,45018,오크,2,6,transform_scroll,변신주문서,소비,주문서,,KEW,,0.01,1%,1,1
필드,map_68,말하는 섬,1~60,45018,오크,2,6,__GOLD__,아데나(골드),재화,골드,,KEW,,1,100%,10,30
필드,map_68,말하는 섬,1~60,45023,멧돼지,6,20,,(드롭 없음),,,,,,,,,
필드,map_68,말하는 섬,1~60,45043,늑대,5,30,,(드롭 없음),,,,,,,,,
필드,map_68,말하는 섬,1~60,45060,슬라임,6,60,,(드롭 없음),,,,,,,,,
필드,map_68,말하는 섬,1~60,45068,괴물 눈,7,40,,(드롭 없음),,,,,,,,,
필드,map_68,말하는 섬,1~60,45126,돌 골렘,13,150,__GOLD__,아데나(골드),재화,골드,,KEW,,1,100%,37,72
필드,map_68,말하는 섬,1~60,45134,돌 골렘,13,150,__GOLD__,아데나(골드),재화,골드,,KEW,,1,100%,37,72
필드,map_68,말하는 섬,1~60,45768,돌 골렘,13,350,,(드롭 없음),,,,,,,,,
필드,map_68,말하는 섬,1~60,45136,셀로브,14,100,__GOLD__,아데나(골드),재화,골드,,KEW,,1,100%,41,78
필드,map_68,말하는 섬,1~60,45184,웅 골리 언트,18,200,__GOLD__,아데나(골드),재화,골드,,KEW,,1,100%,61,110
필드,map_68,말하는 섬,1~60,99081,시련의 웅 골리 언트,48,880,__GOLD__,아데나(골드),재화,골드,,KEW,,1,100%,100,500
필드,map_68,말하는 섬,1~60,99067,만년 슬라임,60,600,__GOLD__,아데나(골드),재화,골드,,KEW,,1,100%,1,10
필드,map_69,실버 나이트 마을 외곽,3~17,45016,코볼트,3,7,__GOLD__,아데나(골드),재화,골드,,KEW,,1,100%,11,32
필드,map_69,실버 나이트 마을 외곽,3~17,45019,오크 궁수,3,12,transform_scroll,변신주문서,소비,주문서,,KEW,,0.01,1%,1,1
필드,map_69,실버 나이트 마을 외곽,3~17,45019,오크 궁수,3,12,__GOLD__,아데나(골드),재화,골드,,KEW,,1,100%,11,32
필드,map_69,실버 나이트 마을 외곽,3~17,45050,오크 궁수,3,12,transform_scroll,변신주문서,소비,주문서,,KEW,,0.01,1%,1,1
필드,map_69,실버 나이트 마을 외곽,3~17,45050,오크 궁수,3,12,__GOLD__,아데나(골드),재화,골드,,KEW,,1,100%,11,32
필드,map_69,실버 나이트 마을 외곽,3~17,45024,늑대 인간,9,50,__GOLD__,아데나(골드),재화,골드,,KEW,,1,100%,22,50
필드,map_69,실버 나이트 마을 외곽,3~17,45094,늑대 인간,9,50,__GOLD__,아데나(골드),재화,골드,,KEW,,1,100%,22,50
필드,map_69,실버 나이트 마을 외곽,3~17,45763,늑대 인간,9,40,__GOLD__,아데나(골드),재화,골드,,KEW,,0.7,70%,8,24
필드,map_69,실버 나이트 마을 외곽,3~17,45034,세퍼드,5,30,__GOLD__,아데나(골드),재화,골드,,KEW,,1,100%,13,36
필드,map_69,실버 나이트 마을 외곽,3~17,45041,난쟁이,5,30,transform_scroll,변신주문서,소비,주문서,,KEW,,0.01,1%,1,1
필드,map_69,실버 나이트 마을 외곽,3~17,45041,난쟁이,5,30,__GOLD__,아데나(골드),재화,골드,,KEW,,1,100%,13,36
필드,map_69,실버 나이트 마을 외곽,3~17,45042,도베르만,5,20,,(드롭 없음),,,,,,,,,
필드,map_69,실버 나이트 마을 외곽,3~17,45173,라이칸 스로프,17,120,__GOLD__,아데나(골드),재화,골드,,KEW,,1,100%,56,102
필드,map_69,실버 나이트 마을 외곽,3~17,45769,라이칸 스로프,17,200,,(드롭 없음),,,,,,,,,
필드,map_69,실버 나이트 마을 외곽,3~17,45043,늑대,5,30,,(드롭 없음),,,,,,,,,
필드,map_69,실버 나이트 마을 외곽,3~17,45044,라쿤,5,30,,(드롭 없음),,,,,,,,,
필드,map_69,실버 나이트 마을 외곽,3~17,45092,난쟁이 족 전사,9,70,__GOLD__,아데나(골드),재화,골드,,KEW,,1,100%,22,50
필드,map_69,실버 나이트 마을 외곽,3~17,45098,간디 오크,10,80,__GOLD__,아데나(골드),재화,골드,,KEW,,1,100%,25,54
필드,map_69,실버 나이트 마을 외곽,3~17,45127,로바 오크,13,80,__GOLD__,아데나(골드),재화,골드,,KEW,,1,100%,37,72
필드,map_69,실버 나이트 마을 외곽,3~17,45143,두다 - 마라 오크,15,100,__GOLD__,아데나(골드),재화,골드,,KEW,,1,100%,45,86
필드,map_69,실버 나이트 마을 외곽,3~17,45149,아 투바 오크,15,120,__GOLD__,아데나(골드),재화,골드,,KEW,,1,100%,45,86
필드,map_69,실버 나이트 마을 외곽,3~17,45171,네루가 오크,17,150,__GOLD__,아데나(골드),재화,골드,,KEW,,1,100%,56,102
필드,map_69,실버 나이트 마을 외곽,3~17,81066,흑기사 - 수색대,16,100,__GOLD__,아데나(골드),재화,골드,,KEW,,1,100%,50,93
필드,map_69,실버 나이트 마을 외곽,3~17,45079,놀,8,60,__GOLD__,아데나(골드),재화,골드,,KEW,,1,100%,20,45
필드,map_69,실버 나이트 마을 외곽,3~17,45767,놀,8,35,__GOLD__,아데나(골드),재화,골드,,KEW,,0.3,30%,4,16
필드,map_25,글루디오 외곽,15~31,45144,리자드 맨,15,90,__GOLD__,아데나(골드),재화,골드,,KEW,,1,100%,45,86
필드,map_25,글루디오 외곽,15~31,45145,리자드 맨,15,90,__GOLD__,아데나(골드),재화,골드,,KEW,,1,100%,45,86
필드,map_25,글루디오 외곽,15~31,45147,아울 베어,15,250,__GOLD__,아데나(골드),재화,골드,,KEW,,1,100%,45,86
필드,map_25,글루디오 외곽,15~31,45148,아울 베어,15,250,__GOLD__,아데나(골드),재화,골드,,KEW,,1,100%,45,86
필드,map_25,글루디오 외곽,15~31,45223,버그 베어,22,250,__GOLD__,아데나(골드),재화,골드,,KEW,,1,100%,46,359
필드,map_25,글루디오 외곽,15~31,45264,하피,26,230,__GOLD__,아데나(골드),재화,골드,,KEW,,1,100%,118,198
필드,map_25,글루디오 외곽,15~31,45278,오우거,28,500,__GOLD__,아데나(골드),재화,골드,,KEW,,1,100%,135,225
필드,map_25,글루디오 외곽,15~31,45321,그리폰,31,380,__GOLD__,아데나(골드),재화,골드,,KEW,,1,100%,163,270
필드,map_25,글루디오 외곽,15~31,45139,와일드 베놈,18,180,transform_scroll,변신주문서,소비,주문서,,KEW,,0.1,10%,1,1
필드,map_25,글루디오 외곽,15~31,45139,와일드 베놈,18,180,__GOLD__,아데나(골드),재화,골드,,KEW,,1,100%,41,78
필드,map_25,글루디오 외곽,15~31,45158,매드 리자드 맨,20,200,a_20060,바다의 망토,방어구,망토,AC-2,KEW,안전+4,0.005,0.5%,1,1
필드,map_25,글루디오 외곽,15~31,45158,매드 리자드 맨,20,200,__GOLD__,아데나(골드),재화,골드,,KEW,,1,100%,50,93
필드,map_25,글루디오 외곽,15~31,45163,와일드 팡,18,180,transform_scroll,변신주문서,소비,주문서,,KEW,,0.1,10%,1,1
필드,map_25,글루디오 외곽,15~31,45163,와일드 팡,18,180,__GOLD__,아데나(골드),재화,골드,,KEW,,1,100%,61,110
필드,map_25,글루디오 외곽,15~31,45197,와일드 매직,20,200,transform_scroll,변신주문서,소비,주문서,,KEW,,0.1,10%,1,1
필드,map_25,글루디오 외곽,15~31,45197,와일드 매직,20,200,__GOLD__,아데나(골드),재화,골드,,KEW,,1,100%,73,129
필드,map_25,글루디오 외곽,15~31,45217,하이 리자드 맨,25,160,a_20060,바다의 망토,방어구,망토,AC-2,KEW,안전+4,0.005,0.5%,1,1
필드,map_25,글루디오 외곽,15~31,45217,하이 리자드 맨,25,160,__GOLD__,아데나(골드),재화,골드,,KEW,,1,100%,80,140
필드,map_25,글루디오 외곽,15~31,45239,블루 테일,24,240,transform_scroll,변신주문서,소비,주문서,,KEW,,0.05,5%,1,1
필드,map_25,글루디오 외곽,15~31,45239,블루 테일,24,240,__GOLD__,아데나(골드),재화,골드,,KEW,,1,100%,102,173
필드,map_25,글루디오 외곽,15~31,45249,키위 패롯,25,300,transform_scroll,변신주문서,소비,주문서,,KEW,,0.1,10%,1,1
필드,map_25,글루디오 외곽,15~31,45249,키위 패롯,25,300,__GOLD__,아데나(골드),재화,골드,,KEW,,1,100%,109,186
필드,map_25,글루디오 외곽,15~31,45251,헤비 리자드 맨,24,250,a_20060,바다의 망토,방어구,망토,AC-2,KEW,안전+4,0.005,0.5%,1,1
필드,map_25,글루디오 외곽,15~31,45251,헤비 리자드 맨,24,250,__GOLD__,아데나(골드),재화,골드,,KEW,,1,100%,102,173
필드,map_304,오크 숲,10~44,45140,홉 고블린,14,90,__GOLD__,아데나(골드),재화,골드,,KEW,,1,100%,41,78
필드,map_304,오크 숲,10~44,45109,오크 좀비,10,100,__GOLD__,아데나(골드),재화,골드,,KEW,,1,100%,25,54
필드,map_304,오크 숲,10~44,45119,오크 장로,12,80,__GOLD__,아데나(골드),재화,골드,,KEW,,1,100%,33,65
필드,map_304,오크 숲,10~44,45121,오크 마법사,12,80,__GOLD__,아데나(골드),재화,골드,,KEW,,1,100%,33,65
필드,map_304,오크 숲,10~44,45138,오크 스카우트,14,90,__GOLD__,아데나(골드),재화,골드,,KEW,,1,100%,41,78
필드,map_304,오크 숲,10~44,46157,오크 밀사,17,250,,(드롭 없음),,,,,,,,,
필드,map_304,오크 숲,10~44,46158,오크 밀사,17,250,,(드롭 없음),,,,,,,,,
필드,map_304,오크 숲,10~44,46159,오크 밀사,17,250,,(드롭 없음),,,,,,,,,
필드,map_304,오크 숲,10~44,99048,오크 병사,40,720,__GOLD__,아데나(골드),재화,골드,,KEW,,1,100%,700,950
필드,map_304,오크 숲,10~44,99050,오크 소드맨,44,710,__GOLD__,아데나(골드),재화,골드,,KEW,,1,100%,400,950
필드,map_304,오크 숲,10~44,99051,오크 창병,44,690,__GOLD__,아데나(골드),재화,골드,,KEW,,1,100%,380,1050
필드,map_304,오크 숲,10~44,99052,오크 주술사,41,590,__GOLD__,아데나(골드),재화,골드,,KEW,,1,100%,400,1000
필드,map_304,오크 숲,10~44,99054,포노 스 오크 궁수,41,1000,__GOLD__,아데나(골드),재화,골드,,KEW,,1,100%,500,1600
필드,map_304,오크 숲,10~44,99055,포노 스 오크 도끼,42,950,__GOLD__,아데나(골드),재화,골드,,KEW,,1,100%,400,1800
필드,map_304,오크 숲,10~44,99056,호노스오쿠,44,1250,__GOLD__,아데나(골드),재화,골드,,KEW,,1,100%,400,2100
필드,map_304,오크 숲,10~44,99057,포노 스 오크 소드맨,44,1100,__GOLD__,아데나(골드),재화,골드,,KEW,,1,100%,380,2400
필드,map_304,오크 숲,10~44,99058,포노 스 오크 주술사,41,800,__GOLD__,아데나(골드),재화,골드,,KEW,,1,100%,400,1800
필드,map_85,언데드의 숲,6~58,45065,좀비,6,45,__GOLD__,아데나(골드),재화,골드,,KEW,,1,100%,10,120
필드,map_85,언데드의 숲,6~58,45066,좀비,6,45,__GOLD__,아데나(골드),재화,골드,,KEW,,1,100%,15,38
필드,map_85,언데드의 숲,6~58,45757,좀비,6,40,__GOLD__,아데나(골드),재화,골드,,KEW,,0.5,50%,6,16
필드,map_85,언데드의 숲,6~58,45157,구울,16,110,__GOLD__,아데나(골드),재화,골드,,KEW,,1,100%,50,93
필드,map_85,언데드의 숲,6~58,45213,가스트,21,200,__GOLD__,아데나(골드),재화,골드,,KEW,,1,100%,80,140
필드,map_85,언데드의 숲,6~58,45346,가스트로드,33,300,__GOLD__,아데나(골드),재화,골드,,KEW,,1,100%,184,302
필드,map_85,언데드의 숲,6~58,45165,흑기사,16,100,__GOLD__,아데나(골드),재화,골드,,KEW,,1,100%,50,93
필드,map_85,언데드의 숲,6~58,46131,유령,46,644,__GOLD__,아데나(골드),재화,골드,,KEW,,1,100%,80,150
필드,map_85,언데드의 숲,6~58,46132,상급 유령,48,672,__GOLD__,아데나(골드),재화,골드,,KEW,,1,100%,50,130
필드,map_85,언데드의 숲,6~58,46184,실루엣,58,1177,__GOLD__,아데나(골드),재화,골드,,KEW,,1,100%,1800,7200
필드,map_85,언데드의 숲,6~58,46183,데스,58,1177,__GOLD__,아데나(골드),재화,골드,,KEW,,1,100%,1800,7200
필드,map_85,언데드의 숲,6~58,45189,도펠 갱어,19,280,transform_scroll,변신주문서,소비,주문서,,KEW,,0.1,10%,1,1
필드,map_85,언데드의 숲,6~58,45189,도펠 갱어,19,280,__GOLD__,아데나(골드),재화,골드,,KEW,,1,100%,67,120
필드,map_85,언데드의 숲,6~58,81069,도펠 겡어,45,1000,,(드롭 없음),,,,,,,,,
필드,map_440,하이네 들판,10~49,45101,악어,10,90,__GOLD__,아데나(골드),재화,골드,,KEW,,1,100%,25,54
필드,map_440,하이네 들판,10~49,45814,용감한 악어,30,260,,(드롭 없음),,,,,,,,,
필드,map_440,하이네 들판,10~49,45196,상급 악어,20,150,,(드롭 없음),,,,,,,,,
필드,map_440,하이네 들판,10~49,45469,정예 악어,42,440,,(드롭 없음),,,,,,,,,
필드,map_440,하이네 들판,10~49,45222,라미아,22,200,__GOLD__,아데나(골드),재화,골드,,KEW,,1,100%,56,214
필드,map_440,하이네 들판,10~49,45815,용감한 라미아,30,238,,(드롭 없음),,,,,,,,,
필드,map_440,하이네 들판,10~49,45821,상급 용감한 라미아,32,300,,(드롭 없음),,,,,,,,,
필드,map_440,하이네 들판,10~49,45825,돌연변이 리자드 맨,35,454,,(드롭 없음),,,,,,,,,
필드,map_440,하이네 들판,10~49,45874,돌연변이 리자드 맨,35,403,,(드롭 없음),,,,,,,,,
필드,map_440,하이네 들판,10~49,45827,상급 돌연변이 리자드 맨,36,441,a_20060,바다의 망토,방어구,망토,AC-2,KEW,안전+4,0.005,0.5%,1,1
필드,map_440,하이네 들판,10~49,99061,사악한 괴물 눈,49,650,__GOLD__,아데나(골드),재화,골드,,KEW,,1,100%,320,720
필드,map_440,하이네 들판,10~49,99063,사악한 셀로브,46,760,__GOLD__,아데나(골드),재화,골드,,KEW,,1,100%,240,900
필드,map_440,하이네 들판,10~49,99064,사악한 웅 골리 언트,48,880,__GOLD__,아데나(골드),재화,골드,,KEW,,1,100%,280,980
필드,map_480,사막 오아시스,18~48,45259,스콜피온,26,200,__GOLD__,아데나(골드),재화,골드,,KEW,,1,100%,60,150
필드,map_480,사막 오아시스,18~48,45260,스콜피온,26,200,__GOLD__,아데나(골드),재화,골드,,KEW,,1,100%,118,198
필드,map_480,사막 오아시스,18~48,45277,상급 스콜피온,28,270,__GOLD__,아데나(골드),재화,골드,,KEW,,1,100%,135,225
필드,map_480,사막 오아시스,18~48,45381,바실리스크,36,800,__GOLD__,아데나(골드),재화,골드,,KEW,,1,100%,217,353
필드,map_480,사막 오아시스,18~48,45531,상급 바실리스크,48,800,,(드롭 없음),,,,,,,,,
필드,map_480,사막 오아시스,18~48,45361,코카 트리스,34,500,,(드롭 없음),,,,,,,,,
필드,map_480,사막 오아시스,18~48,45362,상급 코카 트리스,47,600,,(드롭 없음),,,,,,,,,
필드,map_480,사막 오아시스,18~48,45163,와일드 팡,18,180,transform_scroll,변신주문서,소비,주문서,,KEW,,0.1,10%,1,1
필드,map_480,사막 오아시스,18~48,45163,와일드 팡,18,180,__GOLD__,아데나(골드),재화,골드,,KEW,,1,100%,61,110
필드,map_480,사막 오아시스,18~48,45197,와일드 매직,20,200,transform_scroll,변신주문서,소비,주문서,,KEW,,0.1,10%,1,1
필드,map_480,사막 오아시스,18~48,45197,와일드 매직,20,200,__GOLD__,아데나(골드),재화,골드,,KEW,,1,100%,73,129
필드,map_4,용의계곡,26~53,45578,드레이크,53,1200,,(드롭 없음),,,,,,,,,
필드,map_4,용의계곡,26~53,45264,하피,26,230,__GOLD__,아데나(골드),재화,골드,,KEW,,1,100%,118,198
필드,map_4,용의계곡,26~53,45452,상급 하피,41,250,,(드롭 없음),,,,,,,,,
필드,map_4,용의계곡,26~53,45278,오우거,28,500,__GOLD__,아데나(골드),재화,골드,,KEW,,1,100%,135,225
필드,map_4,용의계곡,26~53,45269,해골 근위병,27,270,__GOLD__,아데나(골드),재화,골드,,KEW,,1,100%,70,210
필드,map_4,용의계곡,26~53,45270,해골 저격병,27,250,__GOLD__,아데나(골드),재화,골드,,KEW,,1,100%,70,210
필드,map_4,용의계곡,26~53,45286,해골 돌격 병,29,280,__GOLD__,아데나(골드),재화,골드,,KEW,,1,100%,70,210
필드,map_4,용의계곡,26~53,45284,불타는 전사,29,280,__GOLD__,아데나(골드),재화,골드,,KEW,,1,100%,50,250
필드,map_4,용의계곡,26~53,45291,불타는 궁수,30,230,__GOLD__,아데나(골드),재화,골드,,KEW,,1,100%,50,250
필드,map_4,용의계곡,26~53,45309,블랙 티거,28,560,,(드롭 없음),,,,,,,,,
필드,map_4,용의계곡,26~53,45357,상급 블랙 티거,34,500,__GOLD__,아데나(골드),재화,골드,,KEW,,1,100%,194,318
필드,map_253,해저 동굴,24~33,45240,터틀 드래곤,24,280,__GOLD__,아데나(골드),재화,골드,,KEW,,1,100%,102,173
필드,map_253,해저 동굴,24~33,45262,상급 터틀 드래곤,26,280,__GOLD__,아데나(골드),재화,골드,,KEW,,1,100%,118,198
필드,map_253,해저 동굴,24~33,45822,정예 터틀 드래곤,32,350,,(드롭 없음),,,,,,,,,
필드,map_253,해저 동굴,24~33,45810,머맨,26,187,,(드롭 없음),,,,,,,,,
필드,map_253,해저 동굴,24~33,45813,돌연변이 머맨,28,202,,(드롭 없음),,,,,,,,,
필드,map_253,해저 동굴,24~33,45811,돌연변이 크랩 맨,27,194,,(드롭 없음),,,,,,,,,
필드,map_253,해저 동굴,24~33,45812,시 댄서,27,210,,(드롭 없음),,,,,,,,,
필드,map_253,해저 동굴,24~33,45816,상어,30,300,,(드롭 없음),,,,,,,,,
필드,map_253,해저 동굴,24~33,45818,아 스테,31,268,,(드롭 없음),,,,,,,,,
필드,map_253,해저 동굴,24~33,45819,일 렉카 둠,32,350,,(드롭 없음),,,,,,,,,
필드,map_253,해저 동굴,24~33,45823,크러스트 시안,33,450,,(드롭 없음),,,,,,,,,
필드,map_254,변이의 서식지,27~36,45820,돌연변이 늑대 인간,32,323,,(드롭 없음),,,,,,,,,
필드,map_254,변이의 서식지,27~36,45824,돌연변이 라이칸 스로프,34,368,,(드롭 없음),,,,,,,,,
필드,map_254,변이의 서식지,27~36,45811,돌연변이 크랩 맨,27,194,,(드롭 없음),,,,,,,,,
필드,map_254,변이의 서식지,27~36,45813,돌연변이 머맨,28,202,,(드롭 없음),,,,,,,,,
필드,map_254,변이의 서식지,27~36,45825,돌연변이 리자드 맨,35,454,,(드롭 없음),,,,,,,,,
필드,map_254,변이의 서식지,27~36,45874,돌연변이 리자드 맨,35,403,,(드롭 없음),,,,,,,,,
필드,map_254,변이의 서식지,27~36,45827,상급 돌연변이 리자드 맨,36,441,a_20060,바다의 망토,방어구,망토,AC-2,KEW,안전+4,0.005,0.5%,1,1
던전,dg_63,에바 왕국,1~42,45154,인어,15,60,__GOLD__,아데나(골드),재화,골드,,KEW,,1,100%,45,86
던전,dg_63,에바 왕국,1~42,45925,에바 해파리,30,440,__GOLD__,아데나(골드),재화,골드,,KEW,,0.8,80%,20,300
던전,dg_63,에바 왕국,1~42,45927,에바 크랩 맨,32,400,__GOLD__,아데나(골드),재화,골드,,KEW,,0.8,80%,20,300
던전,dg_63,에바 왕국,1~42,45933,에바 상어,36,580,transform_scroll,변신주문서,소비,주문서,,KEW,,0.3,30%,1,1
던전,dg_63,에바 왕국,1~42,45933,에바 상어,36,580,__GOLD__,아데나(골드),재화,골드,,KEW,,0.8,80%,20,300
던전,dg_63,에바 왕국,1~42,45934,에바 아 스테,36,580,transform_scroll,변신주문서,소비,주문서,,KEW,,0.3,30%,1,1
던전,dg_63,에바 왕국,1~42,45934,에바 아 스테,36,580,__GOLD__,아데나(골드),재화,골드,,KEW,,0.8,80%,20,300
던전,dg_63,에바 왕국,1~42,45936,에바시 댄서,38,600,__GOLD__,아데나(골드),재화,골드,,KEW,,0.8,80%,200,1000
던전,dg_63,에바 왕국,1~42,45937,에바 터틀 드래곤,38,680,__GOLD__,아데나(골드),재화,골드,,KEW,,0.8,80%,20,300
던전,dg_63,에바 왕국,1~42,45938,에바 일 렉카 둠,40,740,__GOLD__,아데나(골드),재화,골드,,KEW,,0.8,80%,20,300
던전,dg_63,에바 왕국,1~42,45939,에바 크러스트 시안,40,750,__GOLD__,아데나(골드),재화,골드,,KEW,,0.8,80%,20,300
던전,dg_63,에바 왕국,1~42,45940,저주받은 머맨,42,700,__GOLD__,아데나(골드),재화,골드,,KEW,,0.8,80%,20,300
던전,dg_63,에바 왕국,1~42,45077,가오리,8,40,,(드롭 없음),,,,,,,,,
던전,dg_63,에바 왕국,1~42,45089,실라칸스,8,35,__GOLD__,아데나(골드),재화,골드,,KEW,,1,100%,20,45
던전,dg_63,에바 왕국,1~42,45006,말미잘,1,20,,(드롭 없음),,,,,,,,,
던전,dg_558,심해,30~49,45713,심해의 미믹,30,400,,(드롭 없음),,,,,,,,,
던전,dg_558,심해,30~49,45715,심해의 좀비,32,300,__GOLD__,아데나(골드),재화,골드,,KEW,,0.6,60%,50,700
던전,dg_558,심해,30~49,45718,심해의 구울,36,400,__GOLD__,아데나(골드),재화,골드,,KEW,,0.6,60%,60,700
던전,dg_558,심해,30~49,45719,심해의 크로커다일,38,640,__GOLD__,아데나(골드),재화,골드,,KEW,,0.4,40%,50,1000
던전,dg_558,심해,30~49,45724,심해의 상어,30,400,__GOLD__,아데나(골드),재화,골드,,KEW,,0.3,30%,50,200
던전,dg_558,심해,30~49,45725,심해의 크랩 맨,32,450,__GOLD__,아데나(골드),재화,골드,,KEW,,0.4,40%,50,300
던전,dg_558,심해,30~49,46054,심해의 크랩 맨,32,450,__GOLD__,아데나(골드),재화,골드,,KEW,,0.8,80%,50000,300000
던전,dg_558,심해,30~49,45727,심해의시 댄서,45,540,__GOLD__,아데나(골드),재화,골드,,KEW,,0.4,40%,50,300
던전,dg_558,심해,30~49,45732,심해의 일 렉카 둠,48,1500,__GOLD__,아데나(골드),재화,골드,,KEW,,0.4,40%,50,300
던전,dg_558,심해,30~49,45733,심해의 크러스트 시안,49,1200,__GOLD__,아데나(골드),재화,골드,,KEW,,0.4,40%,50,300
던전,dg_558,심해,30~49,45716,헐 거인 조사원,32,320,__GOLD__,아데나(골드),재화,골드,,KEW,,0.6,60%,50,200
던전,dg_558,심해,30~49,46053,라버 본 나이프,45,1000,__GOLD__,아데나(골드),재화,골드,,KEW,,0.8,80%,50000,300000
던전,dg_558,심해,30~49,45726,뼈 뱀장어,36,600,__GOLD__,아데나(골드),재화,골드,,KEW,,0.4,40%,40,200
던전,dg_558,심해,30~49,45728,심해어,45,1000,__GOLD__,아데나(골드),재화,골드,,KEW,,0.4,40%,50,300
던전,dg_558,심해,30~49,45730,반어 인,45,800,__GOLD__,아데나(골드),재화,골드,,KEW,,0.4,40%,50,300
던전,dg_550,유령선,38~45,45723,선박의 악령,45,1000,__GOLD__,아데나(골드),재화,골드,,KEW,,0.4,40%,50,1000
던전,dg_550,유령선,38~45,46055,익사 한 영혼,38,600,__GOLD__,아데나(골드),재화,골드,,KEW,,0.8,80%,50000,300000
던전,dg_550,유령선,38~45,45720,익사 한 남성,38,600,__GOLD__,아데나(골드),재화,골드,,KEW,,0.6,60%,50,600
던전,dg_550,유령선,38~45,45721,익사 한 여성,40,500,__GOLD__,아데나(골드),재화,골드,,KEW,,0.6,60%,50,600
던전,dg_23,글루디오 지하 감옥,6~50,45107,해골,10,80,__GOLD__,아데나(골드),재화,골드,,KEW,,1,100%,25,54
던전,dg_23,글루디오 지하 감옥,6~50,45114,해골,10,80,__GOLD__,아데나(골드),재화,골드,,KEW,,1,100%,25,54
던전,dg_23,글루디오 지하 감옥,6~50,45764,해골,10,50,__GOLD__,아데나(골드),재화,골드,,KEW,,0.7,70%,12,34
던전,dg_23,글루디오 지하 감옥,6~50,45122,해골 궁수,12,80,__GOLD__,아데나(골드),재화,골드,,KEW,,1,100%,33,65
던전,dg_23,글루디오 지하 감옥,6~50,45129,해골 궁수,12,80,__GOLD__,아데나(골드),재화,골드,,KEW,,1,100%,33,65
던전,dg_23,글루디오 지하 감옥,6~50,45765,해골 궁수,12,60,__GOLD__,아데나(골드),재화,골드,,KEW,,0.7,70%,14,30
던전,dg_23,글루디오 지하 감옥,6~50,45131,해골 창병,13,90,__GOLD__,아데나(골드),재화,골드,,KEW,,1,100%,37,72
던전,dg_23,글루디오 지하 감옥,6~50,45766,해골 창병,13,70,__GOLD__,아데나(골드),재화,골드,,KEW,,0.7,70%,15,35
던전,dg_23,글루디오 지하 감옥,6~50,45065,좀비,6,45,__GOLD__,아데나(골드),재화,골드,,KEW,,1,100%,10,120
던전,dg_23,글루디오 지하 감옥,6~50,45066,좀비,6,45,__GOLD__,아데나(골드),재화,골드,,KEW,,1,100%,15,38
던전,dg_23,글루디오 지하 감옥,6~50,45757,좀비,6,40,__GOLD__,아데나(골드),재화,골드,,KEW,,0.5,50%,6,16
던전,dg_23,글루디오 지하 감옥,6~50,45157,구울,16,110,__GOLD__,아데나(골드),재화,골드,,KEW,,1,100%,50,93
던전,dg_23,글루디오 지하 감옥,6~50,45213,가스트,21,200,__GOLD__,아데나(골드),재화,골드,,KEW,,1,100%,80,140
던전,dg_23,글루디오 지하 감옥,6~50,45161,스파 토이,16,120,__GOLD__,아데나(골드),재화,골드,,KEW,,1,100%,50,93
던전,dg_23,글루디오 지하 감옥,6~50,45181,스파 토이,16,120,__GOLD__,아데나(골드),재화,골드,,KEW,,1,100%,50,93
던전,dg_23,글루디오 지하 감옥,6~50,45223,버그 베어,22,250,__GOLD__,아데나(골드),재화,골드,,KEW,,1,100%,46,359
던전,dg_23,글루디오 지하 감옥,6~50,45298,킹 버그 베어,30,400,__GOLD__,아데나(골드),재화,골드,,KEW,,1,100%,153,254
던전,dg_23,글루디오 지하 감옥,6~50,45392,상급 버그 베어,37,300,,(드롭 없음),,,,,,,,,
던전,dg_23,글루디오 지하 감옥,6~50,45509,상급 킹 버그 베어,45,480,,(드롭 없음),,,,,,,,,
던전,dg_23,글루디오 지하 감옥,6~50,45241,켈베로스,24,120,__GOLD__,아데나(골드),재화,골드,,KEW,,1,100%,102,173
던전,dg_23,글루디오 지하 감옥,6~50,46000,피의 강령 술사,50,1300,a_20129,신관의 로브,방어구,갑옷,AC-6,W,"안전+6, HP10, MPR5, Lv40~",0.005,0.5%,1,1
던전,dg_23,글루디오 지하 감옥,6~50,46000,피의 강령 술사,50,1300,a_20175,수정 장갑,방어구,장갑,AC-3,K,"안전+4, 물저항4",0.001,0.1%,1,1
던전,dg_23,글루디오 지하 감옥,6~50,45996,암흑 마법사,50,430,,(드롭 없음),,,,,,,,,
던전,dg_23,글루디오 지하 감옥,6~50,99268,시련의 굴,16,110,__GOLD__,아데나(골드),재화,골드,,KEW,,1,100%,100,500
던전,dg_49,개미 굴,12~40,45115,거대 개미,12,90,__GOLD__,아데나(골드),재화,골드,,KEW,,1,100%,33,65
던전,dg_49,개미 굴,12~40,45190,거대 병정 개미,20,150,,(드롭 없음),,,,,,,,,
던전,dg_49,개미 굴,12~40,45947,거대 흰 개미,28,380,__GOLD__,아데나(골드),재화,골드,,KEW,,1,100%,55,85
던전,dg_49,개미 굴,12~40,45948,거대 강화 개미,31,440,__GOLD__,아데나(골드),재화,골드,,KEW,,1,100%,60,90
던전,dg_49,개미 굴,12~40,45950,거대 돌격 개미,37,640,__GOLD__,아데나(골드),재화,골드,,KEW,,1,100%,75,110
던전,dg_49,개미 굴,12~40,45951,거대 산성 개미,40,740,__GOLD__,아데나(골드),재화,골드,,KEW,,1,100%,85,115
던전,dg_49,개미 굴,12~40,45946,흰 개미 무리,25,300,__GOLD__,아데나(골드),재화,골드,,KEW,,1,100%,50,80
던전,dg_49,개미 굴,12~40,45949,산성 개미 무리,25,300,__GOLD__,아데나(골드),재화,골드,,KEW,,1,100%,65,100
던전,dg_70,용의계곡 동굴,13~57,45393,서큐버스,37,400,,(드롭 없음),,,,,,,,,
던전,dg_70,용의계곡 동굴,13~57,45451,서큐버스 퀸,41,500,,(드롭 없음),,,,,,,,,
던전,dg_70,용의계곡 동굴,13~57,45550,흑 장로,50,1500,,(드롭 없음),,,,,,,,,
던전,dg_70,용의계곡 동굴,13~57,46181,상급 흑 장로,57,1137,__GOLD__,아데나(골드),재화,골드,,KEW,,1,100%,1800,7200
던전,dg_70,용의계곡 동굴,13~57,45308,무리 안,32,380,transform_scroll,변신주문서,소비,주문서,,KEW,,0.05,5%,1,1
던전,dg_70,용의계곡 동굴,13~57,45308,무리 안,32,380,__GOLD__,아데나(골드),재화,골드,,KEW,,1,100%,153,254
던전,dg_70,용의계곡 동굴,13~57,45269,해골 근위병,27,270,__GOLD__,아데나(골드),재화,골드,,KEW,,1,100%,70,210
던전,dg_70,용의계곡 동굴,13~57,45270,해골 저격병,27,250,__GOLD__,아데나(골드),재화,골드,,KEW,,1,100%,70,210
던전,dg_70,용의계곡 동굴,13~57,45286,해골 돌격 병,29,280,__GOLD__,아데나(골드),재화,골드,,KEW,,1,100%,70,210
던전,dg_70,용의계곡 동굴,13~57,45130,해골 도끼 병,13,90,__GOLD__,아데나(골드),재화,골드,,KEW,,1,100%,37,72
던전,dg_70,용의계곡 동굴,13~57,45206,파이어 에그,25,120,transform_scroll,변신주문서,소비,주문서,,KEW,,0.3,30%,1,1
던전,dg_70,용의계곡 동굴,13~57,45206,파이어 에그,25,120,__GOLD__,아데나(골드),재화,골드,,KEW,,1,100%,40,150
던전,dg_70,용의계곡 동굴,13~57,45365,라바 골렘,35,600,__GOLD__,아데나(골드),재화,골드,,KEW,,1,100%,80,450
던전,dg_70,용의계곡 동굴,13~57,45372,아이언 골렘,35,650,__GOLD__,아데나(골드),재화,골드,,KEW,,1,100%,205,336
던전,dg_70,용의계곡 동굴,13~57,46171,정예 아이언 골렘,51,910,__GOLD__,아데나(골드),재화,골드,,KEW,,1,100%,1800,7200
던전,dg_70,용의계곡 동굴,13~57,46125,상급 아이언 골렘,43,566,__GOLD__,아데나(골드),재화,골드,,KEW,,1,100%,80,150
던전,dg_70,용의계곡 동굴,13~57,45381,바실리스크,36,800,__GOLD__,아데나(골드),재화,골드,,KEW,,1,100%,217,353
던전,dg_70,용의계곡 동굴,13~57,45531,상급 바실리스크,48,800,,(드롭 없음),,,,,,,,,
던전,dg_70,용의계곡 동굴,13~57,45420,사이클롭스,40,800,__GOLD__,아데나(골드),재화,골드,,KEW,,1,100%,265,429
던전,dg_70,용의계곡 동굴,13~57,45538,상급 사이클롭스,50,880,,(드롭 없음),,,,,,,,,
던전,dg_0,기란 감옥,15~55,45912,원한에 찬 병사 유령,15,240,,(드롭 없음),,,,,,,,,
던전,dg_0,기란 감옥,15~55,45913,상급 원한에 찬 병사 유령,20,330,,(드롭 없음),,,,,,,,,
던전,dg_0,기란 감옥,15~55,45914,원한에 찬 남자 유령,22,350,,(드롭 없음),,,,,,,,,
던전,dg_0,기란 감옥,15~55,45915,상급 원한에 찬 남자 유령,25,420,,(드롭 없음),,,,,,,,,
던전,dg_0,기란 감옥,15~55,45916,원한에 찬 하멜 장군,35,800,,(드롭 없음),,,,,,,,,
던전,dg_0,기란 감옥,15~55,46168,페이퍼 맨,50,800,transform_scroll,변신주문서,소비,주문서,,KEW,,0.1,10%,1,1
던전,dg_0,기란 감옥,15~55,46168,페이퍼 맨,50,800,__GOLD__,아데나(골드),재화,골드,,KEW,,1,100%,1800,7200
던전,dg_0,기란 감옥,15~55,46169,미믹,50,1250,__GOLD__,아데나(골드),재화,골드,,KEW,,1,100%,1800,7200
던전,dg_0,기란 감옥,15~55,46172,젤라틴 큐브,52,946,__GOLD__,아데나(골드),재화,골드,,KEW,,1,100%,1800,7200
던전,dg_0,기란 감옥,15~55,46173,리빙 아머,53,983,__GOLD__,아데나(골드),재화,골드,,KEW,,1,100%,1800,7200
던전,dg_0,기란 감옥,15~55,46174,상급 리빙 아머,54,1021,a_20230,붉은 기사의 방패,방어구,방패,AC-2,K,"안전+6, Lv30~",0.01,1%,1,1
던전,dg_0,기란 감옥,15~55,46174,상급 리빙 아머,54,1021,__GOLD__,아데나(골드),재화,골드,,KEW,,1,100%,1800,7200
던전,dg_0,기란 감옥,15~55,46175,댄싱 소드,55,1059,__GOLD__,아데나(골드),재화,골드,,KEW,,1,100%,1800,7200
던전,dg_309,다크엘프 침공로,20~41,45901,다크 엘프 패잔병,28,252,__GOLD__,아데나(골드),재화,골드,,KEW,,0.8,80%,50,400
던전,dg_309,다크엘프 침공로,20~41,45902,상급 다크 엘프 패잔병,29,261,__GOLD__,아데나(골드),재화,골드,,KEW,,0.8,80%,50,400
던전,dg_309,다크엘프 침공로,20~41,45903,상급 다크 엘프 패잔병,29,290,a_20224,라스타바드 라운드 실드,방어구,방패,AC-2,KE,안전+4,0.001,0.1%,1,1
던전,dg_309,다크엘프 침공로,20~41,45903,상급 다크 엘프 패잔병,29,290,__GOLD__,아데나(골드),재화,골드,,KEW,,0.8,80%,50,400
던전,dg_309,다크엘프 침공로,20~41,45904,정예 다크 엘프 패잔병,30,300,__GOLD__,아데나(골드),재화,골드,,KEW,,0.8,80%,50,400
던전,dg_309,다크엘프 침공로,20~41,45905,정예 다크 엘프 패잔병,30,270,__GOLD__,아데나(골드),재화,골드,,KEW,,0.8,80%,50,400
던전,dg_309,다크엘프 침공로,20~41,45906,고대의 다크 엘프 패잔병,31,279,a_20103,라스타바드 로브,방어구,갑옷,AC-4,W,"안전+4, MPR5",0.005,0.5%,1,1
던전,dg_309,다크엘프 침공로,20~41,45906,고대의 다크 엘프 패잔병,31,279,__GOLD__,아데나(골드),재화,골드,,KEW,,0.8,80%,50,400
던전,dg_309,다크엘프 침공로,20~41,45908,다크 엘프 패잔병 Lv37,37,370,a_20105,라스타바드 체인 메일,방어구,갑옷,AC-6,K,안전+4,0.006,0.6%,1,1
던전,dg_309,다크엘프 침공로,20~41,45908,다크 엘프 패잔병 Lv37,37,370,__GOLD__,아데나(골드),재화,골드,,KEW,,0.8,80%,50,400
던전,dg_309,다크엘프 침공로,20~41,45909,암흑의 다크 엘프 패잔병,34,340,__GOLD__,아데나(골드),재화,골드,,KEW,,0.8,80%,50,400
던전,dg_309,다크엘프 침공로,20~41,45350,수송 다크 엘프,33,420,__GOLD__,아데나(골드),재화,골드,,KEW,,1,100%,184,302
던전,dg_309,다크엘프 침공로,20~41,45311,두더지,20,150,__GOLD__,아데나(골드),재화,골드,,KEW,,1,100%,73,129
던전,dg_309,다크엘프 침공로,20~41,45214,상급 두더지,21,200,,(드롭 없음),,,,,,,,,
던전,dg_309,다크엘프 침공로,20~41,45258,미들 오움,26,230,__GOLD__,아데나(골드),재화,골드,,KEW,,1,100%,118,198
던전,dg_309,다크엘프 침공로,20~41,45340,헤비 오움,32,400,__GOLD__,아데나(골드),재화,골드,,KEW,,1,100%,173,285
던전,dg_309,다크엘프 침공로,20~41,46015,상급 미들 오움,32,450,,(드롭 없음),,,,,,,,,
던전,dg_309,다크엘프 침공로,20~41,46016,상급 헤비 오움,41,950,,(드롭 없음),,,,,,,,,
던전,dg_309,다크엘프 침공로,20~41,45299,플레이트 웜,30,400,__GOLD__,아데나(골드),재화,골드,,KEW,,1,100%,153,254
던전,dg_309,다크엘프 침공로,20~41,46017,상급 플레이트 웜,32,350,,(드롭 없음),,,,,,,,,
던전,dg_309,다크엘프 침공로,20~41,45246,딜로,25,120,__GOLD__,아데나(골드),재화,골드,,KEW,,1,100%,109,186
던전,dg_309,다크엘프 침공로,20~41,45328,상급 딜로,32,350,,(드롭 없음),,,,,,,,,
던전,dg_310,어둠의 숲 지하,22~48,45982,어둠 숲지기,47,400,,(드롭 없음),,,,,,,,,
던전,dg_310,어둠의 숲 지하,22~48,45347,다크 포레스터,32,500,a_20196,다크 포레스터의 부츠,방어구,부츠,AC-2,KE,"안전+4, HP30",0.005,0.5%,1,1
던전,dg_310,어둠의 숲 지하,22~48,45326,상급 다크 포레스터,33,450,a_20196,다크 포레스터의 부츠,방어구,부츠,AC-2,KE,"안전+4, HP30",0.005,0.5%,1,1
던전,dg_310,어둠의 숲 지하,22~48,45326,상급 다크 포레스터,33,450,__GOLD__,아데나(골드),재화,골드,,KEW,,1,100%,173,285
던전,dg_310,어둠의 숲 지하,22~48,45275,블랙 엔트,28,500,__GOLD__,아데나(골드),재화,골드,,KEW,,1,100%,135,225
던전,dg_310,어둠의 숲 지하,22~48,45989,상급 블랙 엔트,47,1500,,(드롭 없음),,,,,,,,,
던전,dg_310,어둠의 숲 지하,22~48,45273,딥 플라워,28,500,,(드롭 없음),,,,,,,,,
던전,dg_310,어둠의 숲 지하,22~48,45978,상급 딥 플라워,45,1300,,(드롭 없음),,,,,,,,,
던전,dg_310,어둠의 숲 지하,22~48,45309,블랙 티거,28,560,,(드롭 없음),,,,,,,,,
던전,dg_310,어둠의 숲 지하,22~48,45219,다이어 뱃,22,250,__GOLD__,아데나(골드),재화,골드,,KEW,,1,100%,87,150
던전,dg_310,어둠의 숲 지하,22~48,45237,다이어 울프,24,120,__GOLD__,아데나(골드),재화,골드,,KEW,,1,100%,102,173
던전,dg_310,어둠의 숲 지하,22~48,45252,다이어 베어,26,300,__GOLD__,아데나(골드),재화,골드,,KEW,,1,100%,118,198
던전,dg_310,어둠의 숲 지하,22~48,45323,비스트 서머너,30,600,a_20123,비스트 서머너의 로브,방어구,갑옷,AC-4,W,"안전+4, HP10, MPR5",0.005,0.5%,1,1
던전,dg_310,어둠의 숲 지하,22~48,45323,비스트 서머너,30,600,a_20258,비스트 서머너의 목걸이,방어구,목걸이,AC0,W,"안전+0, WIS-1",0.001,0.1%,1,1
던전,dg_310,어둠의 숲 지하,22~48,45368,상급 비스트 서머너,35,383,a_20123,비스트 서머너의 로브,방어구,갑옷,AC-4,W,"안전+4, HP10, MPR5",0.005,0.5%,1,1
던전,dg_310,어둠의 숲 지하,22~48,45368,상급 비스트 서머너,35,383,a_20258,비스트 서머너의 목걸이,방어구,목걸이,AC0,W,"안전+0, WIS-1",0.001,0.1%,1,1
던전,dg_310,어둠의 숲 지하,22~48,45414,다크 엘프 비스트 테이머,40,600,__GOLD__,아데나(골드),재화,골드,,KEW,,1,100%,265,429
던전,dg_310,어둠의 숲 지하,22~48,45980,라스타바드 조련사,47,400,,(드롭 없음),,,,,,,,,
던전,dg_310,어둠의 숲 지하,22~48,45911,다크 엘리멘탈,29,290,__GOLD__,아데나(골드),재화,골드,,KEW,,0.8,80%,50,200
던전,dg_310,어둠의 숲 지하,22~48,45271,그레이터 다크 엘리멘탈,28,270,__GOLD__,아데나(골드),재화,골드,,KEW,,1,100%,135,225
던전,dg_310,어둠의 숲 지하,22~48,45910,상급 그레이터 다크 엘리멘탈,31,310,__GOLD__,아데나(골드),재화,골드,,KEW,,0.8,80%,50,300
던전,dg_310,어둠의 숲 지하,22~48,45988,정예 그레이터 다크 엘리멘탈,47,900,,(드롭 없음),,,,,,,,,
던전,dg_310,어둠의 숲 지하,22~48,45907,다크 엘리멘탈리스트,33,297,,(드롭 없음),,,,,,,,,
던전,dg_310,어둠의 숲 지하,22~48,45991,정예 다크 엘리멘탈리스트,48,500,,(드롭 없음),,,,,,,,,
던전,dg_310,어둠의 숲 지하,22~48,45363,상급 다크 엘리멘탈리스트,35,450,__GOLD__,아데나(골드),재화,골드,,KEW,,1,100%,205,336
던전,dg_258,부패의 신전,12~55,46027,부패한 좀비,12,120,,(드롭 없음),,,,,,,,,
던전,dg_258,부패의 신전,12~55,46028,상급 부패한 좀비,22,120,,(드롭 없음),,,,,,,,,
던전,dg_258,부패의 신전,12~55,46029,부패한 해골 궁수,18,200,,(드롭 없음),,,,,,,,,
던전,dg_258,부패의 신전,12~55,46030,부패한 해골 도끼 병,20,220,,(드롭 없음),,,,,,,,,
던전,dg_258,부패의 신전,12~55,46031,부패한 해골 창병,22,250,,(드롭 없음),,,,,,,,,
던전,dg_258,부패의 신전,12~55,46032,부패한 좀비 창병,24,250,,(드롭 없음),,,,,,,,,
던전,dg_258,부패의 신전,12~55,46033,부패한 좀비 마법사,24,250,,(드롭 없음),,,,,,,,,
던전,dg_258,부패의 신전,12~55,46034,부패한 좀비 장군,32,300,,(드롭 없음),,,,,,,,,
던전,dg_258,부패의 신전,12~55,46035,부패한 좀비로드,35,2500,,(드롭 없음),,,,,,,,,
던전,dg_258,부패의 신전,12~55,46036,부패한 해골 기사,55,9250,,(드롭 없음),,,,,,,,,
던전,dg_400,무덤,45~56,45498,무덤 가디언,45,1000,,(드롭 없음),,,,,,,,,
던전,dg_400,무덤,45~56,45530,무덤 가디언 메이지,48,1500,,(드롭 없음),,,,,,,,,
던전,dg_400,무덤,45~56,45537,무덤 가디언 나이트,50,2000,,(드롭 없음),,,,,,,,,
던전,dg_400,무덤,45~56,45603,거대한 무덤 가디언,56,5000,,(드롭 없음),,,,,,,,,
던전,dg_534,라스타바드,26~58,45265,다크 엘프,27,350,__GOLD__,아데나(골드),재화,골드,,KEW,,1,100%,126,212
던전,dg_534,라스타바드,26~58,45364,상급 다크 엘프,35,350,,(드롭 없음),,,,,,,,,
던전,dg_534,라스타바드,26~58,45220,다크 엘프 시프,28,500,a_20224,라스타바드 라운드 실드,방어구,방패,AC-2,KE,안전+4,0.0005,0.05%,1,1
던전,dg_534,라스타바드,26~58,45220,다크 엘프 시프,28,500,__GOLD__,아데나(골드),재화,골드,,KEW,,1,100%,87,150
던전,dg_534,라스타바드,26~58,45254,다크 엘프 가드,36,240,__GOLD__,아데나(골드),재화,골드,,KEW,,1,100%,118,198
던전,dg_534,라스타바드,26~58,45287,상급 다크 엘프 가드,40,800,a_20224,라스타바드 라운드 실드,방어구,방패,AC-2,KE,안전+4,0.0005,0.05%,1,1
던전,dg_534,라스타바드,26~58,45287,상급 다크 엘프 가드,40,800,__GOLD__,아데나(골드),재화,골드,,KEW,,1,100%,153,254
던전,dg_534,라스타바드,26~58,45256,다크 엘프 어 프렌 티스,26,180,a_20103,라스타바드 로브,방어구,갑옷,AC-4,W,"안전+4, MPR5",0.005,0.5%,1,1
던전,dg_534,라스타바드,26~58,45397,다크 엘프 레인저,38,500,__GOLD__,아데나(골드),재화,골드,,KEW,,1,100%,241,390
던전,dg_534,라스타바드,26~58,45398,다크 엘프 솔저,38,500,__GOLD__,아데나(골드),재화,골드,,KEW,,1,100%,241,390
던전,dg_534,라스타바드,26~58,45405,블랙 위자드,32,380,a_20121,블랙 위자드의 로브,방어구,갑옷,AC-4,W,"안전+4, MP10, MPR5",0.005,0.5%,1,1
던전,dg_534,라스타바드,26~58,45405,블랙 위자드,32,380,a_20257,블랙 위자드의 목걸이,방어구,목걸이,AC0,W,"안전+0, CON-1, INT2",0.0001,0.01%,1,1
던전,dg_534,라스타바드,26~58,46018,상급 블랙 위자드,39,600,a_20121,블랙 위자드의 로브,방어구,갑옷,AC-4,W,"안전+4, MP10, MPR5",0.005,0.5%,1,1
던전,dg_534,라스타바드,26~58,46018,상급 블랙 위자드,39,600,a_20257,블랙 위자드의 목걸이,방어구,목걸이,AC0,W,"안전+0, CON-1, INT2",0.0001,0.01%,1,1
던전,dg_534,라스타바드,26~58,46182,정예 블랙 위자드,58,1177,a_20121,블랙 위자드의 로브,방어구,갑옷,AC-4,W,"안전+4, MP10, MPR5",0.005,0.5%,1,1
던전,dg_534,라스타바드,26~58,46182,정예 블랙 위자드,58,1177,a_20257,블랙 위자드의 목걸이,방어구,목걸이,AC0,W,"안전+0, CON-1, INT2",0.0001,0.01%,1,1
던전,dg_534,라스타바드,26~58,46182,정예 블랙 위자드,58,1177,__GOLD__,아데나(골드),재화,골드,,KEW,,1,100%,1800,7200
던전,dg_534,라스타바드,26~58,45992,라스타바드 근위대,48,600,,(드롭 없음),,,,,,,,,
던전,dg_534,라스타바드,26~58,46014,상급 라스타바드 근위대,55,3500,a_20103,라스타바드 로브,방어구,갑옷,AC-4,W,"안전+4, MPR5",0.005,0.5%,1,1
던전,dg_532,라스타바드 성역,43~52,46047,다크 엘프 제너럴,43,900,__GOLD__,아데나(골드),재화,골드,,KEW,,0.8,80%,50,400
던전,dg_532,라스타바드 성역,43~52,45994,장로 수행원,49,1000,a_20067,신관의 망토,방어구,망토,AC-2,EW,"안전+4, HP10, MPR3, Lv40~",0.007,0.7%,1,1
던전,dg_532,라스타바드 성역,43~52,45994,장로 수행원,49,1000,a_20233,신관의 마력서,방어구,방패,AC-3,W,"안전+6, MP50, MPR3, Lv40~",0.005,0.5%,1,1
던전,dg_532,라스타바드 성역,43~52,45995,장로 수행원,49,1000,a_20067,신관의 망토,방어구,망토,AC-2,EW,"안전+4, HP10, MPR3, Lv40~",0.007,0.7%,1,1
던전,dg_532,라스타바드 성역,43~52,45995,장로 수행원,49,1000,a_20233,신관의 마력서,방어구,방패,AC-3,W,"안전+6, MP50, MPR3, Lv40~",0.005,0.5%,1,1
던전,dg_532,라스타바드 성역,43~52,45998,상급 장로 수행원,50,1000,a_20233,신관의 마력서,방어구,방패,AC-3,W,"안전+6, MP50, MPR3, Lv40~",0.005,0.5%,1,1
던전,dg_532,라스타바드 성역,43~52,45999,상급 장로 수행원,50,1200,a_20067,신관의 망토,방어구,망토,AC-2,EW,"안전+4, HP10, MPR3, Lv40~",0.007,0.7%,1,1
던전,dg_532,라스타바드 성역,43~52,45999,상급 장로 수행원,50,1200,a_20233,신관의 마력서,방어구,방패,AC-3,W,"안전+6, MP50, MPR3, Lv40~",0.005,0.5%,1,1
던전,dg_532,라스타바드 성역,43~52,46003,정예 장로 수행원,51,1300,a_20067,신관의 망토,방어구,망토,AC-2,EW,"안전+4, HP10, MPR3, Lv40~",0.007,0.7%,1,1
던전,dg_532,라스타바드 성역,43~52,46003,정예 장로 수행원,51,1300,a_20233,신관의 마력서,방어구,방패,AC-3,W,"안전+6, MP50, MPR3, Lv40~",0.005,0.5%,1,1
던전,dg_532,라스타바드 성역,43~52,46007,고대의 장로 수행원,52,1500,a_20103,라스타바드 로브,방어구,갑옷,AC-4,W,"안전+4, MPR5",0.005,0.5%,1,1
던전,dg_532,라스타바드 성역,43~52,46007,고대의 장로 수행원,52,1500,a_20233,신관의 마력서,방어구,방패,AC-3,W,"안전+6, MP50, MPR3, Lv40~",0.005,0.5%,1,1
던전,dg_532,라스타바드 성역,43~52,46008,어둠의 군주,52,1500,a_20176,신관의 장갑,방어구,장갑,AC0,EW,"안전+6, HP5, MPR1, Lv40~",0.005,0.5%,1,1
던전,dg_532,라스타바드 성역,43~52,46009,핏빛 기사,52,1800,a_20201,무관의 부츠,방어구,부츠,AC-2,K,"안전+6, HP20, Lv40~",0.005,0.5%,1,1
던전,dg_532,라스타바드 성역,43~52,46001,어둠의 복수 자,50,1600,a_20113,무관의 갑옷,방어구,갑옷,AC-4,K,"안전+6, HP50, HPR10, Lv40~",0.005,0.5%,1,1
던전,dg_420,지저 세계,30~44,45297,지저 크랩 맨,30,420,__GOLD__,아데나(골드),재화,골드,,KEW,,1,100%,153,254
던전,dg_420,지저 세계,30~44,45360,지저 대왕 벌레,34,400,a_20319,정신의 벨트,방어구,벨트,AC0,KEW,"안전+0, MP50, Lv30~",0.01,1%,1,1
던전,dg_420,지저 세계,30~44,45360,지저 대왕 벌레,34,400,__GOLD__,아데나(골드),재화,골드,,KEW,,1,100%,194,318
던전,dg_420,지저 세계,30~44,45374,지저 리자드 맨,35,480,a_20289,심연의 반지,방어구,반지,AC0,KEW,"안전+0, MPR1, 수면내성8",0.01,1%,1,1
던전,dg_420,지저 세계,30~44,45374,지저 리자드 맨,35,480,__GOLD__,아데나(골드),재화,골드,,KEW,,1,100%,205,336
던전,dg_420,지저 세계,30~44,45382,지저 전갈 미스틱,36,400,__GOLD__,아데나(골드),재화,골드,,KEW,,1,100%,217,353
던전,dg_420,지저 세계,30~44,45383,지저 전갈 파이 탄,36,400,__GOLD__,아데나(골드),재화,골드,,KEW,,1,100%,217,353
던전,dg_420,지저 세계,30~44,45422,지저 대왕 거북,40,2400,a_20289,심연의 반지,방어구,반지,AC0,KEW,"안전+0, MPR1, 수면내성8",0.01,1%,1,1
던전,dg_420,지저 세계,30~44,45422,지저 대왕 거북,40,2400,__GOLD__,아데나(골드),재화,골드,,KEW,,1,100%,3000,10000
던전,dg_420,지저 세계,30~44,45423,지저 비홀더,40,1000,a_20289,심연의 반지,방어구,반지,AC0,KEW,"안전+0, MPR1, 수면내성8",0.01,1%,1,1
던전,dg_420,지저 세계,30~44,45423,지저 비홀더,40,1000,__GOLD__,아데나(골드),재화,골드,,KEW,,1,100%,265,429
던전,dg_420,지저 세계,30~44,45487,지저 일 렉카 둠,44,1800,a_20289,심연의 반지,방어구,반지,AC0,KEW,"안전+0, MPR1, 수면내성8",0.01,1%,1,1
던전,dg_420,지저 세계,30~44,45487,지저 일 렉카 둠,44,1800,__GOLD__,아데나(골드),재화,골드,,KEW,,1,100%,319,513
던전,dg_666,악마의 신전,6~60,46187,베레스의 분신,60,1260,a_20204,베레스의 부츠,방어구,부츠,AC-2,KE,"안전+6, STR1",0.0001,0.01%,1,1
던전,dg_666,악마의 신전,6~60,46187,베레스의 분신,60,1260,__GOLD__,아데나(골드),재화,골드,,KEW,,1,100%,1800,7200
던전,dg_666,악마의 신전,6~60,46177,엘더,55,1059,__GOLD__,아데나(골드),재화,골드,,KEW,,1,100%,1800,7200
던전,dg_666,악마의 신전,6~60,99060,배신자 엘더,52,720,__GOLD__,아데나(골드),재화,골드,,KEW,,1,100%,600,1800
던전,dg_666,악마의 신전,6~60,46178,키메라,55,1059,__GOLD__,아데나(골드),재화,골드,,KEW,,1,100%,1800,7200
던전,dg_666,악마의 신전,6~60,45349,비홀더,33,450,__GOLD__,아데나(골드),재화,골드,,KEW,,1,100%,184,302
던전,dg_666,악마의 신전,6~60,45064,임프 장로,6,100,__GOLD__,아데나(골드),재화,골드,,KEW,,1,100%,15,38
던전,dg_244,오염된 숲,25~42,45770,오염 된 오크 마법사,25,230,,(드롭 없음),,,,,,,,,
던전,dg_244,오염된 숲,25~42,45790,오염 된 오크 궁수,35,380,,(드롭 없음),,,,,,,,,
던전,dg_244,오염된 숲,25~42,45791,오염 된 오크 도끼 병,37,400,,(드롭 없음),,,,,,,,,
던전,dg_244,오염된 숲,25~42,45792,오염 된 오크 전사,40,420,,(드롭 없음),,,,,,,,,
던전,dg_244,오염된 숲,25~42,45793,오염 된 오크 창병,42,450,,(드롭 없음),,,,,,,,,
던전,dg_244,오염된 숲,25~42,45789,오염 된 오크,35,380,,(드롭 없음),,,,,,,,,
던전,dg_244,오염된 숲,25~42,45771,오염 된 페어리,35,330,,(드롭 없음),,,,,,,,,
던전,dg_244,오염된 숲,25~42,45773,오염 된 엘프,35,380,,(드롭 없음),,,,,,,,,
던전,dg_244,오염된 숲,25~42,45774,오염 된 엔트,35,400,,(드롭 없음),,,,,,,,,
던전,dg_244,오염된 숲,25~42,45775,오염 된 딥 플라워,35,400,,(드롭 없음),,,,,,,,,
던전,dg_244,오염된 숲,25~42,45776,숲의 수호자,37,400,,(드롭 없음),,,,,,,,,
던전,dg_244,오염된 숲,25~42,45777,상급 숲의 수호자,40,450,,(드롭 없음),,,,,,,,,
던전,dg_244,오염된 숲,25~42,45778,오염 된 인간,35,380,,(드롭 없음),,,,,,,,,
던전,dg_244,오염된 숲,25~42,45779,상급 오염 된 인간,37,400,,(드롭 없음),,,,,,,,,
던전,dg_244,오염된 숲,25~42,45780,정예 오염 된 인간,40,420,,(드롭 없음),,,,,,,,,
던전,dg_244,오염된 숲,25~42,45781,정예 오염 된 인간,40,450,,(드롭 없음),,,,,,,,,
던전,dg_244,오염된 숲,25~42,45783,오염 된 어둠의 대 정령,37,380,,(드롭 없음),,,,,,,,,
던전,dg_244,오염된 숲,25~42,45784,오염 된 빛의 대 정령,37,380,,(드롭 없음),,,,,,,,,
던전,dg_244,오염된 숲,25~42,45785,오염 된 땅의 대 정령,37,380,a_20300,지령의 반지,방어구,반지,AC0,KEW,"안전+0, 땅저항30",0.001,0.1%,1,1
던전,dg_244,오염된 숲,25~42,45786,오염 된 불의 대 정령,37,380,a_20304,화령의 반지,방어구,반지,AC0,KEW,"안전+0, 불저항30",0.001,0.1%,1,1
던전,dg_244,오염된 숲,25~42,45787,오염 된 바람의 대 정령,37,380,a_20302,풍령의 반지,방어구,반지,AC0,KEW,"안전+0, 바람저항30",0.001,0.1%,1,1
던전,dg_244,오염된 숲,25~42,45788,오염 된 물의 대 정령,37,380,,(드롭 없음),,,,,,,,,
던전,dg_78,상아탑,13~55,46176,볼 라이트닝,55,1059,__GOLD__,아데나(골드),재화,골드,,KEW,,1,100%,1800,7200
던전,dg_78,상아탑,13~55,45126,돌 골렘,13,150,__GOLD__,아데나(골드),재화,골드,,KEW,,1,100%,37,72
던전,dg_78,상아탑,13~55,45134,돌 골렘,13,150,__GOLD__,아데나(골드),재화,골드,,KEW,,1,100%,37,72
던전,dg_78,상아탑,13~55,45768,돌 골렘,13,350,,(드롭 없음),,,,,,,,,
던전,dg_78,상아탑,13~55,46170,상급 돌 골렘,50,875,__GOLD__,아데나(골드),재화,골드,,KEW,,1,100%,1800,7200
던전,dg_78,상아탑,13~55,46173,리빙 아머,53,983,__GOLD__,아데나(골드),재화,골드,,KEW,,1,100%,1800,7200
던전,dg_78,상아탑,13~55,46174,상급 리빙 아머,54,1021,a_20230,붉은 기사의 방패,방어구,방패,AC-2,K,"안전+6, Lv30~",0.01,1%,1,1
던전,dg_78,상아탑,13~55,46174,상급 리빙 아머,54,1021,__GOLD__,아데나(골드),재화,골드,,KEW,,1,100%,1800,7200
던전,dg_78,상아탑,13~55,99068,기란 돌 골렘,53,2100,__GOLD__,아데나(골드),재화,골드,,KEW,,1,100%,280,980
던전,dg_78,상아탑,13~55,99069,기란 그렘린,53,380,,(드롭 없음),,,,,,,,,
던전,dg_73,얼음 수정 동굴,14~52,45294,시련의 설인,30,400,__GOLD__,아데나(골드),재화,골드,,KEW,,1,100%,153,254
던전,dg_73,얼음 수정 동굴,14~52,81043,시련의 잔인한 설인,30,400,,(드롭 없음),,,,,,,,,
던전,dg_73,얼음 수정 동굴,14~52,45133,눈사람,14,80,transform_scroll,변신주문서,소비,주문서,,KEW,,0.05,5%,1,1
던전,dg_73,얼음 수정 동굴,14~52,45133,눈사람,14,80,__GOLD__,아데나(골드),재화,골드,,KEW,,1,100%,41,78
던전,dg_73,얼음 수정 동굴,14~52,46129,스노우 맨,37,444,,(드롭 없음),,,,,,,,,
던전,dg_73,얼음 수정 동굴,14~52,45207,아이스 맨,26,200,__GOLD__,아데나(골드),재화,골드,,KEW,,1,100%,118,198
던전,dg_73,얼음 수정 동굴,14~52,46134,상급 아이스 맨,48,586,__GOLD__,아데나(골드),재화,골드,,KEW,,1,100%,80,150
던전,dg_73,얼음 수정 동굴,14~52,46133,아이스 골렘,47,573,,(드롭 없음),,,,,,,,,
던전,dg_73,얼음 수정 동굴,14~52,46153,에티,49,598,__GOLD__,아데나(골드),재화,골드,,KEW,,1,100%,50,130
던전,dg_73,얼음 수정 동굴,14~52,46135,얼음 여왕 근위병,50,610,__GOLD__,아데나(골드),재화,골드,,KEW,,1,100%,80,150
던전,dg_73,얼음 수정 동굴,14~52,46138,얼음 여왕 근위병,50,560,__GOLD__,아데나(골드),재화,골드,,KEW,,1,100%,80,150
던전,dg_73,얼음 수정 동굴,14~52,46144,상급 얼음 여왕 근위병,52,642,__GOLD__,아데나(골드),재화,골드,,KEW,,1,100%,80,150
던전,dg_73,얼음 수정 동굴,14~52,46145,상급 얼음 여왕 근위병,52,642,__GOLD__,아데나(골드),재화,골드,,KEW,,1,100%,80,150
던전,dg_73,얼음 수정 동굴,14~52,46146,상급 얼음 여왕 근위병,52,642,__GOLD__,아데나(골드),재화,골드,,KEW,,1,100%,80,150
던전,dg_73,얼음 수정 동굴,14~52,46147,상급 얼음 여왕 근위병,52,642,__GOLD__,아데나(골드),재화,골드,,KEW,,1,100%,80,150
던전,dg_73,얼음 수정 동굴,14~52,46148,상급 얼음 여왕 근위병,52,642,__GOLD__,아데나(골드),재화,골드,,KEW,,1,100%,80,150
던전,dg_430,심연의 소굴,40~55,45501,심연의 구울,45,2400,a_20289,심연의 반지,방어구,반지,AC0,KEW,"안전+0, MPR1, 수면내성8",0.01,1%,1,1
던전,dg_430,심연의 소굴,40~55,45501,심연의 구울,45,2400,__GOLD__,아데나(골드),재화,골드,,KEW,,1,100%,333,536
던전,dg_430,심연의 소굴,40~55,45502,심연의 궁수,45,600,a_20289,심연의 반지,방어구,반지,AC0,KEW,"안전+0, MPR1, 수면내성8",0.01,1%,1,1
던전,dg_430,심연의 소굴,40~55,45502,심연의 궁수,45,600,__GOLD__,아데나(골드),재화,골드,,KEW,,1,100%,333,536
던전,dg_430,심연의 소굴,40~55,45591,심연의 수령,55,1800,__GOLD__,아데나(골드),재화,골드,,KEW,,1,100%,493,786
던전,dg_430,심연의 소굴,40~55,45592,심연의 지령,55,1800,__GOLD__,아데나(골드),재화,골드,,KEW,,1,100%,493,786
던전,dg_430,심연의 소굴,40~55,45593,심연의 풍령,55,1800,__GOLD__,아데나(골드),재화,골드,,KEW,,1,100%,493,786
던전,dg_430,심연의 소굴,40~55,45594,심연의 화령,55,1800,__GOLD__,아데나(골드),재화,골드,,KEW,,1,100%,493,786
던전,dg_430,심연의 소굴,40~55,45500,수령의 주인,45,1400,__GOLD__,아데나(골드),재화,골드,,KEW,,1,100%,333,536
던전,dg_430,심연의 소굴,40~55,45508,지령의 주인,45,1400,__GOLD__,아데나(골드),재화,골드,,KEW,,1,100%,333,536
던전,dg_430,심연의 소굴,40~55,45510,풍령의 주인,45,1400,__GOLD__,아데나(골드),재화,골드,,KEW,,1,100%,333,536
던전,dg_430,심연의 소굴,40~55,45511,화령의 주인,45,1400,__GOLD__,아데나(골드),재화,골드,,KEW,,1,100%,333,536
던전,dg_430,심연의 소굴,40~55,45539,씽,50,2400,a_20289,심연의 반지,방어구,반지,AC0,KEW,"안전+0, MPR1, 수면내성8",0.02,2%,1,1
던전,dg_430,심연의 소굴,40~55,45539,씽,50,2400,__GOLD__,아데나(골드),재화,골드,,KEW,,1,100%,409,654
던전,dg_430,심연의 소굴,40~55,45416,대지의 이빨,40,1200,__GOLD__,아데나(골드),재화,골드,,KEW,,1,100%,265,429
던전,dg_430,심연의 소굴,40~55,45418,바람의 이빨,40,1200,__GOLD__,아데나(골드),재화,골드,,KEW,,1,100%,265,429
던전,dg_430,심연의 소굴,40~55,45419,빙하의 이빨,40,1200,__GOLD__,아데나(골드),재화,골드,,KEW,,1,100%,265,429
던전,dg_430,심연의 소굴,40~55,45424,화염의 이빨,40,1200,__GOLD__,아데나(골드),재화,골드,,KEW,,1,100%,265,429
던전,dg_780,테베 사막,23~50,46107,테베 만드라고라,23,280,,(드롭 없음),,,,,,,,,
던전,dg_780,테베 사막,23~50,46108,상급 테베 만드라고라,26,320,,(드롭 없음),,,,,,,,,
던전,dg_780,테베 사막,23~50,46109,테베 갑충 석,29,400,,(드롭 없음),,,,,,,,,
던전,dg_780,테베 사막,23~50,46110,상급 테베 갑충 석,32,480,,(드롭 없음),,,,,,,,,
던전,dg_780,테베 사막,23~50,46111,테베 칼 비스,35,480,,(드롭 없음),,,,,,,,,
던전,dg_780,테베 사막,23~50,46112,상급 테베 칼 비스,39,600,,(드롭 없음),,,,,,,,,
던전,dg_780,테베 사막,23~50,46113,테베 오벨리스크,41,700,,(드롭 없음),,,,,,,,,
던전,dg_780,테베 사막,23~50,46114,상급 테베 오벨리스크,44,800,,(드롭 없음),,,,,,,,,
던전,dg_780,테베 사막,23~50,46115,테베 스핑크스,47,880,,(드롭 없음),,,,,,,,,
던전,dg_780,테베 사막,23~50,46116,상급 테베 스핑크스,50,1120,,(드롭 없음),,,,,,,,,
던전,dg_86,은기사 지하 묘지,20~45,91180,드워프 작업자,38,650,,(드롭 없음),,,,,,,,,
던전,dg_86,은기사 지하 묘지,20~45,91181,드워프 센티넬,38,650,,(드롭 없음),,,,,,,,,
던전,dg_86,은기사 지하 묘지,20~45,91182,드워프 제너럴,45,700,,(드롭 없음),,,,,,,,,
던전,dg_86,은기사 지하 묘지,20~45,91183,드워프 주술사,45,700,,(드롭 없음),,,,,,,,,
던전,dg_86,은기사 지하 묘지,20~45,45329,산적,28,320,__GOLD__,아데나(골드),재화,골드,,KEW,,1,100%,135,225
던전,dg_86,은기사 지하 묘지,20~45,45276,상급 산적,30,300,__GOLD__,아데나(골드),재화,골드,,KEW,,1,100%,153,254
던전,dg_86,은기사 지하 묘지,20~45,81080,정예 산적,31,350,__GOLD__,아데나(골드),재화,골드,,KEW,,1,100%,163,270
던전,dg_86,은기사 지하 묘지,20~45,45194,산적 부두목,20,500,,(드롭 없음),,,,,,,,,
던전,dg_86,은기사 지하 묘지,20~45,45324,고대의 산적,32,330,__GOLD__,아데나(골드),재화,골드,,KEW,,1,100%,173,285
던전,dg_86,은기사 지하 묘지,20~45,45408,혼 켈베로스,32,350,__GOLD__,아데나(골드),재화,골드,,KEW,,1,100%,253,410
던전,dg_86,은기사 지하 묘지,20~45,45341,상급 혼 켈베로스,39,600,__GOLD__,아데나(골드),재화,골드,,KEW,,1,100%,253,410
던전,dg_783,자드 섬,23~60,90502,에쿠 아즈 테,23,252,,(드롭 없음),,,,,,,,,
던전,dg_783,자드 섬,23~60,90503,상급 에쿠 아즈 테,26,288,,(드롭 없음),,,,,,,,,
던전,dg_783,자드 섬,23~60,90504,에쿠유카,29,360,,(드롭 없음),,,,,,,,,
던전,dg_783,자드 섬,23~60,90505,상급 에쿠유카,32,432,,(드롭 없음),,,,,,,,,
던전,dg_783,자드 섬,23~60,90506,에쿠 쥬라 카,35,528,,(드롭 없음),,,,,,,,,
던전,dg_783,자드 섬,23~60,90507,상급 에쿠 쥬라 카,39,660,,(드롭 없음),,,,,,,,,
던전,dg_783,자드 섬,23~60,90508,에쿠부라,41,840,,(드롭 없음),,,,,,,,,
던전,dg_783,자드 섬,23~60,90509,상급 에쿠부라,44,960,,(드롭 없음),,,,,,,,,
던전,dg_783,자드 섬,23~60,90510,에쿠엣토,47,1056,,(드롭 없음),,,,,,,,,
던전,dg_783,자드 섬,23~60,90511,상급 에쿠엣토,50,1344,,(드롭 없음),,,,,,,,,
던전,dg_783,자드 섬,23~60,90512,쟈도토우,50,810,,(드롭 없음),,,,,,,,,
던전,dg_783,자드 섬,23~60,90513,상급 쟈도토우,52,1008,,(드롭 없음),,,,,,,,,
던전,dg_783,자드 섬,23~60,90514,자드 스케,54,1440,,(드롭 없음),,,,,,,,,
던전,dg_783,자드 섬,23~60,90515,상급 자드 스케,56,1560,,(드롭 없음),,,,,,,,,
던전,dg_783,자드 섬,23~60,90516,자드 테오,58,1680,,(드롭 없음),,,,,,,,,
던전,dg_783,자드 섬,23~60,90517,상급 자드 테오,60,1800,,(드롭 없음),,,,,,,,,
던전,dg_1002,용의 서식지,50~70,91173,아주르 해츨링,50,2200,,(드롭 없음),,,,,,,,,
던전,dg_1002,용의 서식지,50~70,91174,크림슨 해츨링,50,2000,,(드롭 없음),,,,,,,,,
던전,dg_1002,용의 서식지,50~70,91165,스컬 드래곤,70,850,,(드롭 없음),,,,,,,,,
던전,dg_1002,용의 서식지,50~70,91157,유니 드래곤 (지),55,800,,(드롭 없음),,,,,,,,,
던전,dg_1002,용의 서식지,50~70,91158,유니 드래곤 (불),55,700,,(드롭 없음),,,,,,,,,
던전,dg_1002,용의 서식지,50~70,91159,유니 드래곤 (물),55,750,,(드롭 없음),,,,,,,,,
던전,dg_1002,용의 서식지,50~70,91160,유니 드래곤 (바람),55,750,,(드롭 없음),,,,,,,,,
던전,dg_1002,용의 서식지,50~70,91161,테라 드래곤 (땅),62,800,,(드롭 없음),,,,,,,,,
던전,dg_1002,용의 서식지,50~70,91162,테라 드래곤 (불),62,700,,(드롭 없음),,,,,,,,,
던전,dg_1002,용의 서식지,50~70,91163,테라 드래곤 (물),62,750,,(드롭 없음),,,,,,,,,
던전,dg_1002,용의 서식지,50~70,91164,테라 드래곤 (바람),62,750,,(드롭 없음),,,,,,,,,
던전,dg_1020,페르티아,63~65,91606,코트 제비,63,2600,,(드롭 없음),,,,,,,,,
던전,dg_1020,페르티아,63~65,91607,뻬루뻬루,63,2300,,(드롭 없음),,,,,,,,,
던전,dg_1020,페르티아,63~65,91608,페르 티아 가루다 A,64,3200,,(드롭 없음),,,,,,,,,
던전,dg_1020,페르티아,63~65,91609,페르 티아 가루다 B,64,4900,,(드롭 없음),,,,,,,,,
던전,dg_1020,페르티아,63~65,91610,페르 티아 가루다 C,64,5900,,(드롭 없음),,,,,,,,,
던전,dg_1020,페르티아,63~65,91611,메탈 골렘 (수),65,5000,,(드롭 없음),,,,,,,,,
던전,dg_1020,페르티아,63~65,91612,메탈 골렘 (바람),65,5000,,(드롭 없음),,,,,,,,,
던전,dg_1020,페르티아,63~65,91613,메탈 골렘 (화),65,5000,,(드롭 없음),,,,,,,,,
던전,dg_1020,페르티아,63~65,91614,메탈 골렘 (地),65,5000,,(드롭 없음),,,,,,,,,